"","method","Nt","p0","p1","miss0","miss1","ENS","ENS_se","scenario"
"1","RPW",200,0.1,0.1,0,0,20.001,4.25090649398479,1
"2","RPW",200,0.1,0.1,0,0.1,24.0888,4.63373086250924,1
"3","RPW",200,0.1,0.1,0,0.2,28.3569,5.02659418044718,1
"4","RPW",200,0.1,0.1,0,0.3,32.8297,5.33750379903195,1
"5","RPW",200,0.1,0.1,0,0.4,37.538,5.6968413529025,1
"6","RPW",200,0.1,0.1,0,0.5,42.4487,6.0600693687511,1
"7","RPW",200,0.1,0.1,0.1,0,20.0556,4.48452001132487,1
"8","RPW",200,0.1,0.1,0.1,0.1,24.1159,4.78367594487279,1
"9","RPW",200,0.1,0.1,0.1,0.2,28.3969,5.10875526209984,1
"10","RPW",200,0.1,0.1,0.1,0.3,32.9529,5.49145674659466,1
"11","RPW",200,0.1,0.1,0.1,0.4,37.4928,5.80037176319407,1
"12","RPW",200,0.1,0.1,0.1,0.5,42.5223,6.22276264913734,1
"13","RPW",200,0.1,0.1,0.2,0,20.1147,4.75579705943883,1
"14","RPW",200,0.1,0.1,0.2,0.1,24.182,5.0433738273061,1
"15","RPW",200,0.1,0.1,0.2,0.2,28.4396,5.37500147945007,1
"16","RPW",200,0.1,0.1,0.2,0.3,32.9207,5.65156664390973,1
"17","RPW",200,0.1,0.1,0.2,0.4,37.6536,6.01187336045348,1
"18","RPW",200,0.1,0.1,0.2,0.5,42.5817,6.35644283751177,1
"19","RPW",200,0.1,0.1,0.3,0,20.2009,5.05676737448224,1
"20","RPW",200,0.1,0.1,0.3,0.1,24.2243,5.38223804366138,1
"21","RPW",200,0.1,0.1,0.3,0.2,28.5214,5.62134343286363,1
"22","RPW",200,0.1,0.1,0.3,0.3,32.987,5.8643900029765,1
"23","RPW",200,0.1,0.1,0.3,0.4,37.7207,6.16964326033491,1
"24","RPW",200,0.1,0.1,0.3,0.5,42.64,6.52379153449883,1
"25","RPW",200,0.1,0.1,0.4,0,20.3392,5.49337428873253,1
"26","RPW",200,0.1,0.1,0.4,0.1,24.3417,5.72603002541771,1
"27","RPW",200,0.1,0.1,0.4,0.2,28.6404,5.90636744180683,1
"28","RPW",200,0.1,0.1,0.4,0.3,33.0692,6.14112226700217,1
"29","RPW",200,0.1,0.1,0.4,0.4,37.7159,6.35449645153062,1
"30","RPW",200,0.1,0.1,0.4,0.5,42.7159,6.63059451847018,1
"31","RPW",200,0.1,0.1,0.5,0,20.5177,6.05558863574571,1
"32","RPW",200,0.1,0.1,0.5,0.1,24.5678,6.21170360578872,1
"33","RPW",200,0.1,0.1,0.5,0.2,28.8257,6.36186818840855,1
"34","RPW",200,0.1,0.1,0.5,0.3,33.24,6.50338599522897,1
"35","RPW",200,0.1,0.1,0.5,0.4,37.8186,6.73131674358816,1
"36","RPW",200,0.1,0.1,0.5,0.5,42.8395,6.99168278119161,1
"37","RPW",200,0.3,0.3,0,0,59.9557,6.39399920492513,2
"38","RPW",200,0.3,0.3,0,0.1,62.0149,6.40660459590295,2
"39","RPW",200,0.3,0.3,0,0.2,64.0598,6.49612530085377,2
"40","RPW",200,0.3,0.3,0,0.3,66.1598,6.70196654688455,2
"41","RPW",200,0.3,0.3,0,0.4,68.3473,6.732251854432,2
"42","RPW",200,0.3,0.3,0,0.5,70.6549,6.78631058758285,2
"43","RPW",200,0.3,0.3,0.1,0,60.0014,6.76332553535831,2
"44","RPW",200,0.3,0.3,0.1,0.1,61.974,6.83305151885349,2
"45","RPW",200,0.3,0.3,0.1,0.2,64.0699,6.81710065028584,2
"46","RPW",200,0.3,0.3,0.1,0.3,66.1764,6.87728236596943,2
"47","RPW",200,0.3,0.3,0.1,0.4,68.3999,6.98604755752833,2
"48","RPW",200,0.3,0.3,0.1,0.5,70.7792,7.09441191558841,2
"49","RPW",200,0.3,0.3,0.2,0,60.0232,7.16178684959891,2
"50","RPW",200,0.3,0.3,0.2,0.1,61.9737,7.17744800649845,2
"51","RPW",200,0.3,0.3,0.2,0.2,64.0673,7.22559282198789,2
"52","RPW",200,0.3,0.3,0.2,0.3,66.2325,7.31546275703287,2
"53","RPW",200,0.3,0.3,0.2,0.4,68.4085,7.32624017689244,2
"54","RPW",200,0.3,0.3,0.2,0.5,70.7503,7.41345033264427,2
"55","RPW",200,0.3,0.3,0.3,0,60.0896,7.65923222156257,2
"56","RPW",200,0.3,0.3,0.3,0.1,62.0213,7.62268042329492,2
"57","RPW",200,0.3,0.3,0.3,0.2,64.1419,7.68454745687485,2
"58","RPW",200,0.3,0.3,0.3,0.3,66.2771,7.66990210692633,2
"59","RPW",200,0.3,0.3,0.3,0.4,68.525,7.72509823330884,2
"60","RPW",200,0.3,0.3,0.3,0.5,70.796,7.86137164344821,2
"61","RPW",200,0.3,0.3,0.4,0,60.1203,8.28561965451625,2
"62","RPW",200,0.3,0.3,0.4,0.1,62.1785,8.26264272956829,2
"63","RPW",200,0.3,0.3,0.4,0.2,64.2695,8.20882502133058,2
"64","RPW",200,0.3,0.3,0.4,0.3,66.453,8.28478453343698,2
"65","RPW",200,0.3,0.3,0.4,0.4,68.5511,8.18714185287955,2
"66","RPW",200,0.3,0.3,0.4,0.5,70.8477,8.28177296756852,2
"67","RPW",200,0.3,0.3,0.5,0,60.2681,9.05200620147971,2
"68","RPW",200,0.3,0.3,0.5,0.1,62.3378,9.09042104280509,2
"69","RPW",200,0.3,0.3,0.5,0.2,64.3951,8.98292075421617,2
"70","RPW",200,0.3,0.3,0.5,0.3,66.4848,9.0008149868244,2
"71","RPW",200,0.3,0.3,0.5,0.4,68.802,8.96582592979924,2
"72","RPW",200,0.3,0.3,0.5,0.5,70.9433,8.88568402814689,2
"73","RPW",200,0.5,0.5,0,0,99.989,7.01046315583827,3
"74","RPW",200,0.5,0.5,0,0.1,99.9994,7.00253548297465,3
"75","RPW",200,0.5,0.5,0,0.2,99.9303,7.03866437540667,3
"76","RPW",200,0.5,0.5,0,0.3,99.9334,6.979615744695,3
"77","RPW",200,0.5,0.5,0,0.4,99.9726,7.05151200964461,3
"78","RPW",200,0.5,0.5,0,0.5,99.9912,7.02776362053752,3
"79","RPW",200,0.5,0.5,0.1,0,100.0084,7.37708421919919,3
"80","RPW",200,0.5,0.5,0.1,0.1,99.9764,7.37375618447117,3
"81","RPW",200,0.5,0.5,0.1,0.2,99.9237,7.3232534651022,3
"82","RPW",200,0.5,0.5,0.1,0.3,99.9541,7.4058948087177,3
"83","RPW",200,0.5,0.5,0.1,0.4,99.9706,7.32693005496866,3
"84","RPW",200,0.5,0.5,0.1,0.5,100.0222,7.39337361137226,3
"85","RPW",200,0.5,0.5,0.2,0,100.0209,7.85132011274227,3
"86","RPW",200,0.5,0.5,0.2,0.1,99.9723,7.82879695203367,3
"87","RPW",200,0.5,0.5,0.2,0.2,99.9175,7.8164700133978,3
"88","RPW",200,0.5,0.5,0.2,0.3,99.9512,7.79536370732841,3
"89","RPW",200,0.5,0.5,0.2,0.4,100.0155,7.83079765344431,3
"90","RPW",200,0.5,0.5,0.2,0.5,100.0128,7.80154616548907,3
"91","RPW",200,0.5,0.5,0.3,0,99.9267,8.37918541296339,3
"92","RPW",200,0.5,0.5,0.3,0.1,99.961,8.37434725630583,3
"93","RPW",200,0.5,0.5,0.3,0.2,99.967,8.32775156597592,3
"94","RPW",200,0.5,0.5,0.3,0.3,100.0168,8.37523326321251,3
"95","RPW",200,0.5,0.5,0.3,0.4,100.0316,8.32587133298043,3
"96","RPW",200,0.5,0.5,0.3,0.5,100.0243,8.28512968198958,3
"97","RPW",200,0.5,0.5,0.4,0,100.1177,9.09526905055096,3
"98","RPW",200,0.5,0.5,0.4,0.1,100.0215,9.03903801136034,3
"99","RPW",200,0.5,0.5,0.4,0.2,100.0823,9.04477238523724,3
"100","RPW",200,0.5,0.5,0.4,0.3,100.0802,8.96745278665843,3
"101","RPW",200,0.5,0.5,0.4,0.4,99.9844,9.04216416093356,3
"102","RPW",200,0.5,0.5,0.4,0.5,100.0956,9.00329753904966,3
"103","RPW",200,0.5,0.5,0.5,0,100.0992,9.86303641424541,3
"104","RPW",200,0.5,0.5,0.5,0.1,100.1696,9.84754452913645,3
"105","RPW",200,0.5,0.5,0.5,0.2,100.2243,9.91152931445673,3
"106","RPW",200,0.5,0.5,0.5,0.3,100.0479,9.88356079899379,3
"107","RPW",200,0.5,0.5,0.5,0.4,100.1191,9.91950376004186,3
"108","RPW",200,0.5,0.5,0.5,0.5,100.1375,9.94891410351823,3
"109","RPW",200,0.7,0.7,0,0,140.0443,6.39399920492514,4
"110","RPW",200,0.7,0.7,0,0.1,138.077,6.45744847939853,4
"111","RPW",200,0.7,0.7,0,0.2,136.2136,6.56361814461466,4
"112","RPW",200,0.7,0.7,0,0.3,134.5376,6.69676570495719,4
"113","RPW",200,0.7,0.7,0,0.4,132.8682,6.75816513852717,4
"114","RPW",200,0.7,0.7,0,0.5,131.3268,6.90848568627364,4
"115","RPW",200,0.7,0.7,0.1,0,140.0377,6.76661343773542,4
"116","RPW",200,0.7,0.7,0.1,0.1,138.113,6.8752714808794,4
"117","RPW",200,0.7,0.7,0.1,0.2,136.2049,6.9874887112502,4
"118","RPW",200,0.7,0.7,0.1,0.3,134.4643,7.15716759722737,4
"119","RPW",200,0.7,0.7,0.1,0.4,132.8858,7.27090399912531,4
"120","RPW",200,0.7,0.7,0.1,0.5,131.3692,7.39504969800769,4
"121","RPW",200,0.7,0.7,0.2,0,140.071,7.13431488265583,4
"122","RPW",200,0.7,0.7,0.2,0.1,138.0541,7.27793033883959,4
"123","RPW",200,0.7,0.7,0.2,0.2,136.1882,7.47266785268044,4
"124","RPW",200,0.7,0.7,0.2,0.3,134.5312,7.66285185096573,4
"125","RPW",200,0.7,0.7,0.2,0.4,132.8801,7.83644466429118,4
"126","RPW",200,0.7,0.7,0.2,0.5,131.3429,7.99639380104445,4
"127","RPW",200,0.7,0.7,0.3,0,140.0797,7.68734397797728,4
"128","RPW",200,0.7,0.7,0.3,0.1,138.1209,7.89755153968825,4
"129","RPW",200,0.7,0.7,0.3,0.2,136.2608,8.09536514640849,4
"130","RPW",200,0.7,0.7,0.3,0.3,134.5059,8.33207702441318,4
"131","RPW",200,0.7,0.7,0.3,0.4,132.9187,8.48336531446724,4
"132","RPW",200,0.7,0.7,0.3,0.5,131.2647,8.70358599376803,4
"133","RPW",200,0.7,0.7,0.4,0,140.1553,8.21324099504966,4
"134","RPW",200,0.7,0.7,0.4,0.1,138.1555,8.42975834959599,4
"135","RPW",200,0.7,0.7,0.4,0.2,136.2818,8.72557174746916,4
"136","RPW",200,0.7,0.7,0.4,0.3,134.5237,9.01275547688545,4
"137","RPW",200,0.7,0.7,0.4,0.4,132.8878,9.20315603301915,4
"138","RPW",200,0.7,0.7,0.4,0.5,131.2742,9.58295349356168,4
"139","RPW",200,0.7,0.7,0.5,0,140.1285,9.05454505917458,4
"140","RPW",200,0.7,0.7,0.5,0.1,138.1464,9.32988058375726,4
"141","RPW",200,0.7,0.7,0.5,0.2,136.2507,9.68495892365762,4
"142","RPW",200,0.7,0.7,0.5,0.3,134.4366,9.85522668381093,4
"143","RPW",200,0.7,0.7,0.5,0.4,132.9137,10.3129088000812,4
"144","RPW",200,0.7,0.7,0.5,0.5,131.3329,10.5258898448398,4
"145","RPW",200,0.9,0.9,0,0,179.999,4.25090649398479,5
"146","RPW",200,0.9,0.9,0,0.1,176.3419,4.74236791016255,5
"147","RPW",200,0.9,0.9,0,0.2,173.389,5.34390631780473,5
"148","RPW",200,0.9,0.9,0,0.3,170.891,5.88627079043955,5
"149","RPW",200,0.9,0.9,0,0.4,168.9714,6.45931531320709,5
"150","RPW",200,0.9,0.9,0,0.5,167.308,6.86561356798986,5
"151","RPW",200,0.9,0.9,0.1,0,179.9729,4.46290906760765,5
"152","RPW",200,0.9,0.9,0.1,0.1,176.2633,4.99740637901819,5
"153","RPW",200,0.9,0.9,0.1,0.2,173.2886,5.70147004868671,5
"154","RPW",200,0.9,0.9,0.1,0.3,170.7596,6.35939085331312,5
"155","RPW",200,0.9,0.9,0.1,0.4,168.8051,6.96443567896442,5
"156","RPW",200,0.9,0.9,0.1,0.5,167.1409,7.42507645523173,5
"157","RPW",200,0.9,0.9,0.2,0,179.9526,4.74457630778914,5
"158","RPW",200,0.9,0.9,0.2,0.1,176.166,5.37515890307657,5
"159","RPW",200,0.9,0.9,0.2,0.2,173.0507,6.09718353624913,5
"160","RPW",200,0.9,0.9,0.2,0.3,170.6402,6.80045355670177,5
"161","RPW",200,0.9,0.9,0.2,0.4,168.6091,7.43424669972683,5
"162","RPW",200,0.9,0.9,0.2,0.5,166.9818,7.93728976520838,5
"163","RPW",200,0.9,0.9,0.3,0,179.9278,4.99120009294726,5
"164","RPW",200,0.9,0.9,0.3,0.1,176.1116,5.74801264829336,5
"165","RPW",200,0.9,0.9,0.3,0.2,173.0651,6.61557545296381,5
"166","RPW",200,0.9,0.9,0.3,0.3,170.5209,7.28960060755744,5
"167","RPW",200,0.9,0.9,0.3,0.4,168.4026,7.96644586161022,5
"168","RPW",200,0.9,0.9,0.3,0.5,166.8285,8.6132285770582,5
"169","RPW",200,0.9,0.9,0.4,0,179.7991,5.38273504583473,5
"170","RPW",200,0.9,0.9,0.4,0.1,176.0205,6.12063934345075,5
"171","RPW",200,0.9,0.9,0.4,0.2,172.8001,7.04199538198485,5
"172","RPW",200,0.9,0.9,0.4,0.3,170.351,7.89263126991476,5
"173","RPW",200,0.9,0.9,0.4,0.4,168.1005,8.67613550394,5
"174","RPW",200,0.9,0.9,0.4,0.5,166.4074,9.33634521502913,5
"175","RPW",200,0.9,0.9,0.5,0,179.7427,5.8003156014227,5
"176","RPW",200,0.9,0.9,0.5,0.1,175.8187,6.76505779063942,5
"177","RPW",200,0.9,0.9,0.5,0.2,172.5781,7.70080714166141,5
"178","RPW",200,0.9,0.9,0.5,0.3,170.0517,8.61589522191673,5
"179","RPW",200,0.9,0.9,0.5,0.4,167.8793,9.48069195059022,5
"180","RPW",200,0.9,0.9,0.5,0.5,166.1248,10.1627630659833,5
"181","RPW",526,0.1,0.2,0,0,80.3939,8.22589261545105,6
"182","RPW",526,0.1,0.2,0,0.1,89.4784,8.88506769151413,6
"183","RPW",526,0.1,0.2,0,0.2,98.6142,9.33965102496484,6
"184","RPW",526,0.1,0.2,0,0.3,108.3663,9.82922101026154,6
"185","RPW",526,0.1,0.2,0,0.4,118.3608,10.1695115544713,6
"186","RPW",526,0.1,0.2,0,0.5,128.8988,10.5801867939682,6
"187","RPW",526,0.1,0.2,0.1,0,80.5308,8.63530591298427,6
"188","RPW",526,0.1,0.2,0.1,0.1,89.4829,9.08337813623525,6
"189","RPW",526,0.1,0.2,0.1,0.2,98.6794,9.47488221453428,6
"190","RPW",526,0.1,0.2,0.1,0.3,108.4374,9.8725289527452,6
"191","RPW",526,0.1,0.2,0.1,0.4,118.4583,10.4393466800327,6
"192","RPW",526,0.1,0.2,0.1,0.5,128.8703,10.6988468744274,6
"193","RPW",526,0.1,0.2,0.2,0,80.5471,8.92553349132759,6
"194","RPW",526,0.1,0.2,0.2,0.1,89.4958,9.38155550633112,6
"195","RPW",526,0.1,0.2,0.2,0.2,98.894,9.63555127560631,6
"196","RPW",526,0.1,0.2,0.2,0.3,108.5969,10.145122115592,6
"197","RPW",526,0.1,0.2,0.2,0.4,118.6111,10.6150518002727,6
"198","RPW",526,0.1,0.2,0.2,0.5,128.9086,10.9193209128095,6
"199","RPW",526,0.1,0.2,0.3,0,80.6569,9.35525170497547,6
"200","RPW",526,0.1,0.2,0.3,0.1,89.5893,9.68445168145502,6
"201","RPW",526,0.1,0.2,0.3,0.2,98.9037,10.1015855445099,6
"202","RPW",526,0.1,0.2,0.3,0.3,108.4929,10.3671740324807,6
"203","RPW",526,0.1,0.2,0.3,0.4,118.6043,10.7087529268783,6
"204","RPW",526,0.1,0.2,0.3,0.5,128.9629,11.0362540510967,6
"205","RPW",526,0.1,0.2,0.4,0,80.6528,9.79549117322518,6
"206","RPW",526,0.1,0.2,0.4,0.1,89.622,10.1870257459847,6
"207","RPW",526,0.1,0.2,0.4,0.2,98.992,10.4347603912329,6
"208","RPW",526,0.1,0.2,0.4,0.3,108.6802,10.6478479340458,6
"209","RPW",526,0.1,0.2,0.4,0.4,118.63,10.9536431487347,6
"210","RPW",526,0.1,0.2,0.4,0.5,129.0969,11.4598273614534,6
"211","RPW",526,0.1,0.2,0.5,0,80.8925,10.4109837483429,6
"212","RPW",526,0.1,0.2,0.5,0.1,89.8072,10.7433872776243,6
"213","RPW",526,0.1,0.2,0.5,0.2,99.2824,10.8735124760749,6
"214","RPW",526,0.1,0.2,0.5,0.3,108.7336,11.0548112568778,6
"215","RPW",526,0.1,0.2,0.5,0.4,118.7248,11.4899724502146,6
"216","RPW",526,0.1,0.2,0.5,0.5,129.152,11.7937697663016,6
"217","RPW",162,0.1,0.3,0,0,34.3947,5.44577612078901,7
"218","RPW",162,0.1,0.3,0,0.1,36.3626,5.59359008732375,7
"219","RPW",162,0.1,0.3,0,0.2,38.5739,5.73276767822709,7
"220","RPW",162,0.1,0.3,0,0.3,40.7558,5.94562876491133,7
"221","RPW",162,0.1,0.3,0,0.4,42.9372,6.1220424778345,7
"222","RPW",162,0.1,0.3,0,0.5,45.1397,6.2859315302921,7
"223","RPW",162,0.1,0.3,0.1,0,34.3879,5.54711732714066,7
"224","RPW",162,0.1,0.3,0.1,0.1,36.405,5.75545719545831,7
"225","RPW",162,0.1,0.3,0.1,0.2,38.5217,5.89738984896734,7
"226","RPW",162,0.1,0.3,0.1,0.3,40.8075,6.0399413771314,7
"227","RPW",162,0.1,0.3,0.1,0.4,42.8991,6.19581778345688,7
"228","RPW",162,0.1,0.3,0.1,0.5,45.218,6.29266523530184,7
"229","RPW",162,0.1,0.3,0.2,0,34.4066,5.66216234739387,7
"230","RPW",162,0.1,0.3,0.2,0.1,36.4455,5.71972912646465,7
"231","RPW",162,0.1,0.3,0.2,0.2,38.6327,5.96464151519942,7
"232","RPW",162,0.1,0.3,0.2,0.3,40.7503,6.16669706773995,7
"233","RPW",162,0.1,0.3,0.2,0.4,42.8978,6.25609055456382,7
"234","RPW",162,0.1,0.3,0.2,0.5,45.3199,6.39243696214765,7
"235","RPW",162,0.1,0.3,0.3,0,34.4753,5.80654471317931,7
"236","RPW",162,0.1,0.3,0.3,0.1,36.5649,5.91990646203569,7
"237","RPW",162,0.1,0.3,0.3,0.2,38.6047,6.07856338317536,7
"238","RPW",162,0.1,0.3,0.3,0.3,40.8121,6.22823190618876,7
"239","RPW",162,0.1,0.3,0.3,0.4,42.9924,6.35376890340905,7
"240","RPW",162,0.1,0.3,0.3,0.5,45.2688,6.45931256651071,7
"241","RPW",162,0.1,0.3,0.4,0,34.6275,6.03744886759986,7
"242","RPW",162,0.1,0.3,0.4,0.1,36.5941,6.15502507089633,7
"243","RPW",162,0.1,0.3,0.4,0.2,38.7453,6.20418222634617,7
"244","RPW",162,0.1,0.3,0.4,0.3,40.945,6.37973707173818,7
"245","RPW",162,0.1,0.3,0.4,0.4,43.0919,6.37971194196464,7
"246","RPW",162,0.1,0.3,0.4,0.5,45.3251,6.5653423644191,7
"247","RPW",162,0.1,0.3,0.5,0,34.6495,6.28235597126229,7
"248","RPW",162,0.1,0.3,0.5,0.1,36.7411,6.41551141131141,7
"249","RPW",162,0.1,0.3,0.5,0.2,38.7754,6.45527086125665,7
"250","RPW",162,0.1,0.3,0.5,0.3,41.0142,6.50603037213325,7
"251","RPW",162,0.1,0.3,0.5,0.4,43.1967,6.63156142026047,7
"252","RPW",162,0.1,0.3,0.5,0.5,45.4414,6.75977333152151,7
"253","RPW",82,0.1,0.4,0,0,22.9039,4.39640735484816,8
"254","RPW",82,0.1,0.4,0,0.1,23.4247,4.47691123247025,8
"255","RPW",82,0.1,0.4,0,0.2,23.9875,4.58583108440264,8
"256","RPW",82,0.1,0.4,0,0.3,24.6156,4.63702348912359,8
"257","RPW",82,0.1,0.4,0,0.4,25.2362,4.62111945685279,8
"258","RPW",82,0.1,0.4,0,0.5,25.878,4.7391520292343,8
"259","RPW",82,0.1,0.4,0.1,0,22.9222,4.46319831218795,8
"260","RPW",82,0.1,0.4,0.1,0.1,23.4277,4.47253541822831,8
"261","RPW",82,0.1,0.4,0.1,0.2,24.071,4.56997237023885,8
"262","RPW",82,0.1,0.4,0.1,0.3,24.7037,4.64067450873142,8
"263","RPW",82,0.1,0.4,0.1,0.4,25.2447,4.69223013207592,8
"264","RPW",82,0.1,0.4,0.1,0.5,25.8816,4.76021505866494,8
"265","RPW",82,0.1,0.4,0.2,0,22.9672,4.49988322680772,8
"266","RPW",82,0.1,0.4,0.2,0.1,23.4841,4.52594692960058,8
"267","RPW",82,0.1,0.4,0.2,0.2,24.1153,4.55184334503987,8
"268","RPW",82,0.1,0.4,0.2,0.3,24.643,4.66588984576418,8
"269","RPW",82,0.1,0.4,0.2,0.4,25.3108,4.67833218564094,8
"270","RPW",82,0.1,0.4,0.2,0.5,25.9417,4.74492914017212,8
"271","RPW",82,0.1,0.4,0.3,0,22.9452,4.57107059983139,8
"272","RPW",82,0.1,0.4,0.3,0.1,23.5597,4.60177721596282,8
"273","RPW",82,0.1,0.4,0.3,0.2,24.1357,4.6398317118007,8
"274","RPW",82,0.1,0.4,0.3,0.3,24.6906,4.70309297679249,8
"275","RPW",82,0.1,0.4,0.3,0.4,25.3267,4.79020476766616,8
"276","RPW",82,0.1,0.4,0.3,0.5,25.9799,4.79547658210995,8
"277","RPW",82,0.1,0.4,0.4,0,22.9861,4.64823271757554,8
"278","RPW",82,0.1,0.4,0.4,0.1,23.6278,4.69481323240113,8
"279","RPW",82,0.1,0.4,0.4,0.2,24.1186,4.73269203280625,8
"280","RPW",82,0.1,0.4,0.4,0.3,24.779,4.85844825555909,8
"281","RPW",82,0.1,0.4,0.4,0.4,25.3426,4.86614767339812,8
"282","RPW",82,0.1,0.4,0.4,0.5,26.0102,4.85786535893952,8
"283","RPW",82,0.1,0.4,0.5,0,23.1838,4.73652415027123,8
"284","RPW",82,0.1,0.4,0.5,0.1,23.6601,4.8041727693329,8
"285","RPW",82,0.1,0.4,0.5,0.2,24.2821,4.83127868326508,8
"286","RPW",82,0.1,0.4,0.5,0.3,24.859,4.93377676991182,8
"287","RPW",82,0.1,0.4,0.5,0.4,25.5029,4.97017724595266,8
"288","RPW",82,0.1,0.4,0.5,0.5,26.1233,4.9516006447304,8
"289","RPW",254,0.4,0.6,0,0,131.9182,8.3770953398319,12
"290","RPW",254,0.4,0.6,0,0.1,130.0577,8.28772823842188,12
"291","RPW",254,0.4,0.6,0,0.2,128.3594,8.31819396714741,12
"292","RPW",254,0.4,0.6,0,0.3,126.6453,8.34303593033456,12
"293","RPW",254,0.4,0.6,0,0.4,124.8562,8.32450907292019,12
"294","RPW",254,0.4,0.6,0,0.5,123.2739,8.29412792557509,12
"295","RPW",254,0.4,0.6,0.1,0,131.7746,8.60544015144025,12
"296","RPW",254,0.4,0.6,0.1,0.1,130.0465,8.49259384199059,12
"297","RPW",254,0.4,0.6,0.1,0.2,128.2287,8.54532027251501,12
"298","RPW",254,0.4,0.6,0.1,0.3,126.4428,8.53424932264989,12
"299","RPW",254,0.4,0.6,0.1,0.4,124.87,8.48925831569962,12
"300","RPW",254,0.4,0.6,0.1,0.5,123.3873,8.47794115682728,12
"301","RPW",254,0.4,0.6,0.2,0,131.7966,8.79208499252888,12
"302","RPW",254,0.4,0.6,0.2,0.1,130.0477,8.83554363880001,12
"303","RPW",254,0.4,0.6,0.2,0.2,128.4522,8.80276456724833,12
"304","RPW",254,0.4,0.6,0.2,0.3,126.6568,8.76900811439532,12
"305","RPW",254,0.4,0.6,0.2,0.4,124.876,8.73058109776379,12
"306","RPW",254,0.4,0.6,0.2,0.5,123.1535,8.68105257543011,12
"307","RPW",254,0.4,0.6,0.3,0,131.925,9.12974864007893,12
"308","RPW",254,0.4,0.6,0.3,0.1,129.9872,9.06545389958167,12
"309","RPW",254,0.4,0.6,0.3,0.2,128.2704,9.08900131117184,12
"310","RPW",254,0.4,0.6,0.3,0.3,126.4952,9.10132190212151,12
"311","RPW",254,0.4,0.6,0.3,0.4,124.8485,9.09678090822733,12
"312","RPW",254,0.4,0.6,0.3,0.5,123.3581,8.98061966363982,12
"313","RPW",254,0.4,0.6,0.4,0,131.9457,9.40353094052521,12
"314","RPW",254,0.4,0.6,0.4,0.1,129.9651,9.47905413196505,12
"315","RPW",254,0.4,0.6,0.4,0.2,128.413,9.41199710842268,12
"316","RPW",254,0.4,0.6,0.4,0.3,126.6298,9.55297220176992,12
"317","RPW",254,0.4,0.6,0.4,0.4,125.0555,9.619473643465,12
"318","RPW",254,0.4,0.6,0.4,0.5,123.445,9.54778985048911,12
"319","RPW",254,0.4,0.6,0.5,0,132.0102,9.89602390300816,12
"320","RPW",254,0.4,0.6,0.5,0.1,130.1266,9.9313159019112,12
"321","RPW",254,0.4,0.6,0.5,0.2,128.4222,9.9018054785566,12
"322","RPW",254,0.4,0.6,0.5,0.3,126.7279,9.94609240181321,12
"323","RPW",254,0.4,0.6,0.5,0.4,124.9533,10.0768285366645,12
"324","RPW",254,0.4,0.6,0.5,0.5,123.5022,10.0786979900837,12
"325","RPW",82,0.6,0.9,0,0,66.7748,4.46896879919885,9
"326","RPW",82,0.6,0.9,0,0.1,63.6132,4.53224446427908,9
"327","RPW",82,0.6,0.9,0,0.2,60.7689,4.49834595175051,9
"328","RPW",82,0.6,0.9,0,0.3,58.2821,4.44979771000503,9
"329","RPW",82,0.6,0.9,0,0.4,55.9011,4.44352262054869,9
"330","RPW",82,0.6,0.9,0,0.5,53.7877,4.39958683815136,9
"331","RPW",82,0.6,0.9,0.1,0,66.8049,4.54159648139946,9
"332","RPW",82,0.6,0.9,0.1,0.1,63.6236,4.51206814176067,9
"333","RPW",82,0.6,0.9,0.1,0.2,60.7674,4.54653322174529,9
"334","RPW",82,0.6,0.9,0.1,0.3,58.2228,4.5298357697835,9
"335","RPW",82,0.6,0.9,0.1,0.4,55.9034,4.61553883743556,9
"336","RPW",82,0.6,0.9,0.1,0.5,53.7487,4.52914998978429,9
"337","RPW",82,0.6,0.9,0.2,0,66.8228,4.54865575603592,9
"338","RPW",82,0.6,0.9,0.2,0.1,63.699,4.52049139853716,9
"339","RPW",82,0.6,0.9,0.2,0.2,60.8518,4.5979289745586,9
"340","RPW",82,0.6,0.9,0.2,0.3,58.2557,4.53371513962851,9
"341","RPW",82,0.6,0.9,0.2,0.4,55.9636,4.61653617776662,9
"342","RPW",82,0.6,0.9,0.2,0.5,53.7806,4.67639289464118,9
"343","RPW",82,0.6,0.9,0.3,0,66.802,4.58398268863758,9
"344","RPW",82,0.6,0.9,0.3,0.1,63.6771,4.65501906658297,9
"345","RPW",82,0.6,0.9,0.3,0.2,60.8585,4.71356547848356,9
"346","RPW",82,0.6,0.9,0.3,0.3,58.2668,4.74557370683258,9
"347","RPW",82,0.6,0.9,0.3,0.4,55.9679,4.82880951479068,9
"348","RPW",82,0.6,0.9,0.3,0.5,53.7754,4.93923014643415,9
"349","RPW",82,0.6,0.9,0.4,0,66.8025,4.62253507645462,9
"350","RPW",82,0.6,0.9,0.4,0.1,63.7661,4.72476699238314,9
"351","RPW",82,0.6,0.9,0.4,0.2,60.9055,4.79846561696838,9
"352","RPW",82,0.6,0.9,0.4,0.3,58.3736,4.92412913567206,9
"353","RPW",82,0.6,0.9,0.4,0.4,55.9381,5.03624907748585,9
"354","RPW",82,0.6,0.9,0.4,0.5,53.8084,5.20878129510714,9
"355","RPW",82,0.6,0.9,0.5,0,66.9455,4.72264333673512,9
"356","RPW",82,0.6,0.9,0.5,0.1,63.7663,4.90694325616385,9
"357","RPW",82,0.6,0.9,0.5,0.2,60.8812,5.02905713842766,9
"358","RPW",82,0.6,0.9,0.5,0.3,58.4152,5.14776251451935,9
"359","RPW",82,0.6,0.9,0.5,0.4,56.008,5.37339960754216,9
"360","RPW",82,0.6,0.9,0.5,0.5,53.8629,5.62507490943664,9
"361","RPW",162,0.7,0.9,0,0,135.384,6.07042247318095,10
"362","RPW",162,0.7,0.9,0,0.1,129.8084,5.87582691833221,10
"363","RPW",162,0.7,0.9,0,0.2,124.9614,5.75435672357304,10
"364","RPW",162,0.7,0.9,0,0.3,120.626,5.67298354256624,10
"365","RPW",162,0.7,0.9,0,0.4,116.8172,5.76821561586762,10
"366","RPW",162,0.7,0.9,0,0.5,113.4032,5.84075690335768,10
"367","RPW",162,0.7,0.9,0.1,0,135.4515,6.13767177775784,10
"368","RPW",162,0.7,0.9,0.1,0.1,129.8928,6.00155896671882,10
"369","RPW",162,0.7,0.9,0.1,0.2,124.961,5.86045335203251,10
"370","RPW",162,0.7,0.9,0.1,0.3,120.6604,5.97953571146895,10
"371","RPW",162,0.7,0.9,0.1,0.4,116.8604,5.91293566012789,10
"372","RPW",162,0.7,0.9,0.1,0.5,113.4289,6.16062822478458,10
"373","RPW",162,0.7,0.9,0.2,0,135.4861,6.11847614729652,10
"374","RPW",162,0.7,0.9,0.2,0.1,129.8906,6.09089004449706,10
"375","RPW",162,0.7,0.9,0.2,0.2,124.9618,6.00429395637751,10
"376","RPW",162,0.7,0.9,0.2,0.3,120.6647,6.14648288333934,10
"377","RPW",162,0.7,0.9,0.2,0.4,116.8051,6.26466588046477,10
"378","RPW",162,0.7,0.9,0.2,0.5,113.3972,6.54815393771399,10
"379","RPW",162,0.7,0.9,0.3,0,135.4804,6.2996654211507,10
"380","RPW",162,0.7,0.9,0.3,0.1,129.945,6.09173915467437,10
"381","RPW",162,0.7,0.9,0.3,0.2,125.0267,6.21400422391629,10
"382","RPW",162,0.7,0.9,0.3,0.3,120.8079,6.43118446348418,10
"383","RPW",162,0.7,0.9,0.3,0.4,116.8222,6.61328668031801,10
"384","RPW",162,0.7,0.9,0.3,0.5,113.4147,6.90924725854908,10
"385","RPW",162,0.7,0.9,0.4,0,135.6704,6.33005298532956,10
"386","RPW",162,0.7,0.9,0.4,0.1,129.9774,6.3582963153036,10
"387","RPW",162,0.7,0.9,0.4,0.2,125.0655,6.49724796918798,10
"388","RPW",162,0.7,0.9,0.4,0.3,120.7013,6.64276229734994,10
"389","RPW",162,0.7,0.9,0.4,0.4,116.8639,7.09802895115955,10
"390","RPW",162,0.7,0.9,0.4,0.5,113.5352,7.41869696553692,10
"391","RPW",162,0.7,0.9,0.5,0,135.5999,6.46775101332117,10
"392","RPW",162,0.7,0.9,0.5,0.1,130.0154,6.6199354373377,10
"393","RPW",162,0.7,0.9,0.5,0.2,125.173,6.87502709811096,10
"394","RPW",162,0.7,0.9,0.5,0.3,120.7536,7.19551697840111,10
"395","RPW",162,0.7,0.9,0.5,0.4,116.9851,7.64146040896098,10
"396","RPW",162,0.7,0.9,0.5,0.5,113.3336,8.08679483263094,10
"397","RPW",526,0.8,0.9,0,0,453.4015,9.93223855363274,11
"398","RPW",526,0.8,0.9,0,0.1,438.732,9.22245527872794,11
"399","RPW",526,0.8,0.9,0,0.2,426.258,9.03558521513787,11
"400","RPW",526,0.8,0.9,0,0.3,415.7236,9.25280306050267,11
"401","RPW",526,0.8,0.9,0,0.4,406.8417,9.84877357563339,11
"402","RPW",526,0.8,0.9,0,0.5,399.0262,10.5928057809738,11
"403","RPW",526,0.8,0.9,0.1,0,453.5345,10.1473300222599,11
"404","RPW",526,0.8,0.9,0.1,0.1,438.7976,9.38041755271834,11
"405","RPW",526,0.8,0.9,0.1,0.2,426.231,9.4443612063421,11
"406","RPW",526,0.8,0.9,0.1,0.3,415.6188,9.88738906922655,11
"407","RPW",526,0.8,0.9,0.1,0.4,406.7769,10.7893728940446,11
"408","RPW",526,0.8,0.9,0.1,0.5,399.0036,11.3541392755184,11
"409","RPW",526,0.8,0.9,0.2,0,453.5442,10.3875134851244,11
"410","RPW",526,0.8,0.9,0.2,0.1,438.7804,9.71878702936391,11
"411","RPW",526,0.8,0.9,0.2,0.2,426.3571,9.9463094913264,11
"412","RPW",526,0.8,0.9,0.2,0.3,415.7749,10.6211256852126,11
"413","RPW",526,0.8,0.9,0.2,0.4,406.8063,11.392074360968,11
"414","RPW",526,0.8,0.9,0.2,0.5,398.9686,12.3284229746267,11
"415","RPW",526,0.8,0.9,0.3,0,453.8322,10.5894030382109,11
"416","RPW",526,0.8,0.9,0.3,0.1,438.9271,10.1402992143632,11
"417","RPW",526,0.8,0.9,0.3,0.2,426.3358,10.6639303402184,11
"418","RPW",526,0.8,0.9,0.3,0.3,415.697,11.4604417529394,11
"419","RPW",526,0.8,0.9,0.3,0.4,406.7007,12.406680139393,11
"420","RPW",526,0.8,0.9,0.3,0.5,398.9489,13.6343198678125,11
"421","RPW",526,0.8,0.9,0.4,0,453.9454,10.8504281952005,11
"422","RPW",526,0.8,0.9,0.4,0.1,438.9244,10.7430268501289,11
"423","RPW",526,0.8,0.9,0.4,0.2,426.2316,11.2908772834968,11
"424","RPW",526,0.8,0.9,0.4,0.3,415.5414,12.384636610026,11
"425","RPW",526,0.8,0.9,0.4,0.4,406.482,13.7119246529351,11
"426","RPW",526,0.8,0.9,0.4,0.5,398.7148,14.8551246522149,11
"427","RPW",526,0.8,0.9,0.5,0,454.1403,11.3427810425035,11
"428","RPW",526,0.8,0.9,0.5,0.1,439.0052,11.3443132143039,11
"429","RPW",526,0.8,0.9,0.5,0.2,426.2538,12.0656016606858,11
"430","RPW",526,0.8,0.9,0.5,0.3,415.5895,13.4707140034809,11
"431","RPW",526,0.8,0.9,0.5,0.4,406.5926,15.1584630863526,11
"432","RPW",526,0.8,0.9,0.5,0.5,398.7663,16.3723758135152,11
