"","method","Nt","p0","p1","miss0","miss1","bias0","bias1","scenario"
"1","RPW",200,0.1,0.1,0,0,-0.000288632226024738,-0.000729817037903938,1
"2","RPW",200,0.1,0.1,0,0.1,-0.00035453951268978,-0.00059333547227261,1
"3","RPW",200,0.1,0.1,0,0.2,-0.000412459131735557,-0.000296716303613137,1
"4","RPW",200,0.1,0.1,0,0.3,-0.00067512428075607,-0.000212182644945949,1
"5","RPW",200,0.1,0.1,0,0.4,-0.000527122573132172,-0.000233362418812624,1
"6","RPW",200,0.1,0.1,0,0.5,-0.000829534664522069,-0.000718374557689652,1
"7","RPW",200,0.1,0.1,0.1,0,-0.000390744970113224,-0.00031142276910491,1
"8","RPW",200,0.1,0.1,0.1,0.1,-0.000747562874088434,-0.000330290767287925,1
"9","RPW",200,0.1,0.1,0.1,0.2,-0.000600141227248607,-0.000510033435022955,1
"10","RPW",200,0.1,0.1,0.1,0.3,-0.000257558030231364,-0.000540831710667544,1
"11","RPW",200,0.1,0.1,0.1,0.4,-0.000661053812751167,5.24723563467694e-05,1
"12","RPW",200,0.1,0.1,0.1,0.5,-0.000788146309481014,-0.00102030487186879,1
"13","RPW",200,0.1,0.1,0.2,0,-0.000429664450487019,-0.000540037041867669,1
"14","RPW",200,0.1,0.1,0.2,0.1,-0.000998319752456289,-0.000532038637819476,1
"15","RPW",200,0.1,0.1,0.2,0.2,-0.000653620446812178,-0.000695827320592382,1
"16","RPW",200,0.1,0.1,0.2,0.3,-0.000885480623725676,-0.00082809719199145,1
"17","RPW",200,0.1,0.1,0.2,0.4,-0.000680523224868196,-0.00113835823754502,1
"18","RPW",200,0.1,0.1,0.2,0.5,-0.00107752575162445,3.03572228225885e-05,1
"19","RPW",200,0.1,0.1,0.3,0,-0.000629796372378075,-0.000731255531357652,1
"20","RPW",200,0.1,0.1,0.3,0.1,-0.000729176478692931,-0.000644226897431391,1
"21","RPW",200,0.1,0.1,0.3,0.2,-0.00024860106699752,-0.0008943852518907,1
"22","RPW",200,0.1,0.1,0.3,0.3,-0.000603584145721203,-0.000441028797127971,1
"23","RPW",200,0.1,0.1,0.3,0.4,-0.000456115770400681,-0.000907961333402263,1
"24","RPW",200,0.1,0.1,0.3,0.5,-0.00163143698549126,-0.000340090007744251,1
"25","RPW",200,0.1,0.1,0.4,0,-0.000760497825175996,-0.000996991506726164,1
"26","RPW",200,0.1,0.1,0.4,0.1,-0.00159821491202673,-0.000959651910535708,1
"27","RPW",200,0.1,0.1,0.4,0.2,0.000167678283562109,-0.00106249318999929,1
"28","RPW",200,0.1,0.1,0.4,0.3,-0.00106287307257151,-0.000431386758028965,1
"29","RPW",200,0.1,0.1,0.4,0.4,-0.000978859306919461,-0.00127610162776717,1
"30","RPW",200,0.1,0.1,0.4,0.5,-0.000946061690073136,-0.000663633013683509,1
"31","RPW",200,0.1,0.1,0.5,0,-0.000974167134461426,-0.000457560878453583,1
"32","RPW",200,0.1,0.1,0.5,0.1,-0.00121758088737876,-0.000250701357891153,1
"33","RPW",200,0.1,0.1,0.5,0.2,-0.000409533258337938,-0.000964982024567393,1
"34","RPW",200,0.1,0.1,0.5,0.3,-0.000978855984386601,-0.000990739564949938,1
"35","RPW",200,0.1,0.1,0.5,0.4,-0.00171604080536775,-0.000727739645756315,1
"36","RPW",200,0.1,0.1,0.5,0.5,-0.000584656214930965,-0.00149088057603852,1
"37","RPW",200,0.3,0.3,0,0,-0.00126980761269885,-0.000975144911623482,2
"38","RPW",200,0.3,0.3,0,0.1,-0.00240578307272643,-0.0011585264135226,2
"39","RPW",200,0.3,0.3,0,0.2,-0.00125711412742202,-0.00177565681208669,2
"40","RPW",200,0.3,0.3,0,0.3,-0.001964804342935,-0.00165038436846382,2
"41","RPW",200,0.3,0.3,0,0.4,-0.00101973316008802,-0.00145062634568804,2
"42","RPW",200,0.3,0.3,0,0.5,-0.00149977661061002,-0.00236154148875783,2
"43","RPW",200,0.3,0.3,0.1,0,-0.000938404429300155,-0.0017276263648327,2
"44","RPW",200,0.3,0.3,0.1,0.1,-0.00138442563630214,-0.00148789641552094,2
"45","RPW",200,0.3,0.3,0.1,0.2,-0.00150725898040277,-0.00215575027035397,2
"46","RPW",200,0.3,0.3,0.1,0.3,-0.00236941518171546,-0.0017052891967097,2
"47","RPW",200,0.3,0.3,0.1,0.4,-0.00198293288751639,-0.00224828884086564,2
"48","RPW",200,0.3,0.3,0.1,0.5,-0.00176814404941916,-0.00178785255579988,2
"49","RPW",200,0.3,0.3,0.2,0,-0.00191890660726624,-0.000534893581208951,2
"50","RPW",200,0.3,0.3,0.2,0.1,-0.00145987723777474,-0.00164632356116468,2
"51","RPW",200,0.3,0.3,0.2,0.2,-0.00235216350068312,-0.002430620929879,2
"52","RPW",200,0.3,0.3,0.2,0.3,-0.00132284821600021,-0.00247704946269534,2
"53","RPW",200,0.3,0.3,0.2,0.4,-0.00150781145542545,-0.00223262894358761,2
"54","RPW",200,0.3,0.3,0.2,0.5,-0.0020737169594035,-0.00179893511495649,2
"55","RPW",200,0.3,0.3,0.3,0,-0.00102469587251985,-0.000995807172180174,2
"56","RPW",200,0.3,0.3,0.3,0.1,-0.00129875017984732,-0.00198823548851873,2
"57","RPW",200,0.3,0.3,0.3,0.2,-0.00246500090816171,-0.00205411416325219,2
"58","RPW",200,0.3,0.3,0.3,0.3,-0.00227405029167432,-0.00179888077392493,2
"59","RPW",200,0.3,0.3,0.3,0.4,-0.00244418893653292,-0.00218931804008765,2
"60","RPW",200,0.3,0.3,0.3,0.5,-0.00246833866446161,-0.00292066521258794,2
"61","RPW",200,0.3,0.3,0.4,0,-0.00192457305573385,-0.00168783984912019,2
"62","RPW",200,0.3,0.3,0.4,0.1,-0.00186450467206972,-0.00199038771778065,2
"63","RPW",200,0.3,0.3,0.4,0.2,-0.00117230855890088,-0.00205051652588856,2
"64","RPW",200,0.3,0.3,0.4,0.3,-0.00294612725104776,-0.00286489521634736,2
"65","RPW",200,0.3,0.3,0.4,0.4,-0.00272426213293259,-0.00136636718218858,2
"66","RPW",200,0.3,0.3,0.4,0.5,-0.00242351973941402,-0.00297647514403682,2
"67","RPW",200,0.3,0.3,0.5,0,-0.00238388699527253,-0.00238575679258191,2
"68","RPW",200,0.3,0.3,0.5,0.1,-0.00252774551836976,-0.00151518357296243,2
"69","RPW",200,0.3,0.3,0.5,0.2,-0.00233418370770749,-0.00290763873304084,2
"70","RPW",200,0.3,0.3,0.5,0.3,-0.00171296185452191,-0.00184377368989913,2
"71","RPW",200,0.3,0.3,0.5,0.4,-0.00249529181924385,-0.00260040359917862,2
"72","RPW",200,0.3,0.3,0.5,0.5,-0.00481479296171639,-0.00349193670760861,2
"73","RPW",200,0.5,0.5,0,0,-0.00301916696657528,-0.00309593685020682,3
"74","RPW",200,0.5,0.5,0,0.1,-0.00310831726126071,-0.00212378790954226,3
"75","RPW",200,0.5,0.5,0,0.2,-0.00214761040430556,-0.00275118913171718,3
"76","RPW",200,0.5,0.5,0,0.3,-0.00207933665234084,-0.00324663537605208,3
"77","RPW",200,0.5,0.5,0,0.4,-0.0030253335522954,-0.001899851035078,3
"78","RPW",200,0.5,0.5,0,0.5,-0.00272095640436842,-0.00329926109588785,3
"79","RPW",200,0.5,0.5,0.1,0,-0.00218621695422622,-0.0027125894736818,3
"80","RPW",200,0.5,0.5,0.1,0.1,-0.00228916308558164,-0.00190238903804479,3
"81","RPW",200,0.5,0.5,0.1,0.2,-0.00320281175965159,-0.00180560237284516,3
"82","RPW",200,0.5,0.5,0.1,0.3,-0.00188342879658948,-0.00371089681750481,3
"83","RPW",200,0.5,0.5,0.1,0.4,-0.00136326935224423,-0.00465761097449785,3
"84","RPW",200,0.5,0.5,0.1,0.5,-0.00306182097691426,-0.00398287084366733,3
"85","RPW",200,0.5,0.5,0.2,0,-0.00290634477590401,-0.00258748292328759,3
"86","RPW",200,0.5,0.5,0.2,0.1,-0.00271996742144998,-0.00272129278274674,3
"87","RPW",200,0.5,0.5,0.2,0.2,-0.00329113992642477,-0.00316443296640573,3
"88","RPW",200,0.5,0.5,0.2,0.3,-0.00335734501097767,-0.00345625254402171,3
"89","RPW",200,0.5,0.5,0.2,0.4,-0.00379494392388313,-0.00170037369749487,3
"90","RPW",200,0.5,0.5,0.2,0.5,-0.00417190192531736,-0.00315617854822869,3
"91","RPW",200,0.5,0.5,0.3,0,-0.00229919526485556,-0.00329572809684586,3
"92","RPW",200,0.5,0.5,0.3,0.1,-0.00312741910744535,-0.0035701700072161,3
"93","RPW",200,0.5,0.5,0.3,0.2,-0.00303801574596241,-0.00435608319934511,3
"94","RPW",200,0.5,0.5,0.3,0.3,-0.00391676086376719,-0.00412988324843827,3
"95","RPW",200,0.5,0.5,0.3,0.4,-0.00353591974208661,-0.00339476969452773,3
"96","RPW",200,0.5,0.5,0.3,0.5,-0.0036415877959588,-0.00310364878867952,3
"97","RPW",200,0.5,0.5,0.4,0,-0.00434256842788533,-0.0029962078589042,3
"98","RPW",200,0.5,0.5,0.4,0.1,-0.00292036777097943,-0.00405706097232383,3
"99","RPW",200,0.5,0.5,0.4,0.2,-0.00260882324817729,-0.00302974721933652,3
"100","RPW",200,0.5,0.5,0.4,0.3,-0.00321879617523174,-0.00372460359402521,3
"101","RPW",200,0.5,0.5,0.4,0.4,-0.00449699289963573,-0.0032370429562053,3
"102","RPW",200,0.5,0.5,0.4,0.5,-0.00413709033935417,-0.00385723299428714,3
"103","RPW",200,0.5,0.5,0.5,0,-0.00264868404986746,-0.00374811534745789,3
"104","RPW",200,0.5,0.5,0.5,0.1,-0.00359808242667226,-0.00323824898524794,3
"105","RPW",200,0.5,0.5,0.5,0.2,-0.00390593072663559,-0.00468970375729288,3
"106","RPW",200,0.5,0.5,0.5,0.3,-0.00426377234833486,-0.0050502382136608,3
"107","RPW",200,0.5,0.5,0.5,0.4,-0.00405135829445735,-0.0042726126360913,3
"108","RPW",200,0.5,0.5,0.5,0.5,-0.00332420962382801,-0.00457436596841776,3
"109","RPW",200,0.7,0.7,0,0,-0.00282459282084857,-0.00374044576925414,4
"110","RPW",200,0.7,0.7,0,0.1,-0.00364369107855977,-0.00341983532337853,4
"111","RPW",200,0.7,0.7,0,0.2,-0.00243808054170125,-0.00364951102489852,4
"112","RPW",200,0.7,0.7,0,0.3,-0.00395831195400598,-0.00489275226680297,4
"113","RPW",200,0.7,0.7,0,0.4,-0.00269059466496113,-0.00478177209001573,4
"114","RPW",200,0.7,0.7,0,0.5,-0.00382329374956802,-0.00472118921114473,4
"115","RPW",200,0.7,0.7,0.1,0,-0.00354307595759151,-0.00347659108238896,4
"116","RPW",200,0.7,0.7,0.1,0.1,-0.00358348215892446,-0.00338124207517021,4
"117","RPW",200,0.7,0.7,0.1,0.2,-0.00412959095253718,-0.00279255753074181,4
"118","RPW",200,0.7,0.7,0.1,0.3,-0.00440965241369595,-0.00376889687915971,4
"119","RPW",200,0.7,0.7,0.1,0.4,-0.00317688093103452,-0.0048543632160124,4
"120","RPW",200,0.7,0.7,0.1,0.5,-0.00331182764209015,-0.00476078176078454,4
"121","RPW",200,0.7,0.7,0.2,0,-0.00321928515512804,-0.00314273405539345,4
"122","RPW",200,0.7,0.7,0.2,0.1,-0.00336106163895344,-0.00322316439202575,4
"123","RPW",200,0.7,0.7,0.2,0.2,-0.00382973492268102,-0.00289584237863538,4
"124","RPW",200,0.7,0.7,0.2,0.3,-0.00274637484051243,-0.00394371009049499,4
"125","RPW",200,0.7,0.7,0.2,0.4,-0.00428202106657161,-0.00468641448922991,4
"126","RPW",200,0.7,0.7,0.2,0.5,-0.00364201970509215,-0.00449242677255324,4
"127","RPW",200,0.7,0.7,0.3,0,-0.00498080997292327,-0.00172799340504637,4
"128","RPW",200,0.7,0.7,0.3,0.1,-0.00403952138182562,-0.00333726565656556,4
"129","RPW",200,0.7,0.7,0.3,0.2,-0.00456648217405331,-0.00513913452032033,4
"130","RPW",200,0.7,0.7,0.3,0.3,-0.00484772819390655,-0.00396746931081204,4
"131","RPW",200,0.7,0.7,0.3,0.4,-0.00380019291701217,-0.00538603498766266,4
"132","RPW",200,0.7,0.7,0.3,0.5,-0.00448880143053143,-0.00586328573667338,4
"133","RPW",200,0.7,0.7,0.4,0,-0.00398611832420592,-0.00323845335191564,4
"134","RPW",200,0.7,0.7,0.4,0.1,-0.00391052844026074,-0.00409687615121912,4
"135","RPW",200,0.7,0.7,0.4,0.2,-0.00406062352268299,-0.00421565414161973,4
"136","RPW",200,0.7,0.7,0.4,0.3,-0.00412909681486373,-0.00399221580945053,4
"137","RPW",200,0.7,0.7,0.4,0.4,-0.00464688918149747,-0.00481763440963401,4
"138","RPW",200,0.7,0.7,0.4,0.5,-0.00441279035868969,-0.00436557618251632,4
"139","RPW",200,0.7,0.7,0.5,0,-0.00457868044431842,-0.00395216497087558,4
"140","RPW",200,0.7,0.7,0.5,0.1,-0.00488524247251043,-0.00448292492777325,4
"141","RPW",200,0.7,0.7,0.5,0.2,-0.00584315300993021,-0.00351581116702293,4
"142","RPW",200,0.7,0.7,0.5,0.3,-0.00555084744799206,-0.00472840742197811,4
"143","RPW",200,0.7,0.7,0.5,0.4,-0.0071280170569421,-0.00596131673224121,4
"144","RPW",200,0.7,0.7,0.5,0.5,-0.00661682375408368,-0.00639675067781142,4
"145","RPW",200,0.9,0.9,0,0,-0.00289134933366519,-0.00291866160987408,5
"146","RPW",200,0.9,0.9,0,0.1,-0.00236393124048961,-0.00373827234493729,5
"147","RPW",200,0.9,0.9,0,0.2,-0.00261452376250049,-0.00368135157963667,5
"148","RPW",200,0.9,0.9,0,0.3,-0.00229372249543092,-0.00418470674364346,5
"149","RPW",200,0.9,0.9,0,0.4,-0.00164469497314312,-0.00505059775632544,5
"150","RPW",200,0.9,0.9,0,0.5,-0.00174889247195231,-0.00597268924979322,5
"151","RPW",200,0.9,0.9,0.1,0,-0.00249380027410739,-0.0030705057866941,5
"152","RPW",200,0.9,0.9,0.1,0.1,-0.00270158914638063,-0.00287204168575961,5
"153","RPW",200,0.9,0.9,0.1,0.2,-0.00304049701300657,-0.00300361204452482,5
"154","RPW",200,0.9,0.9,0.1,0.3,-0.00322377829685505,-0.00421640627318776,5
"155","RPW",200,0.9,0.9,0.1,0.4,-0.00209333846119053,-0.0048094261059447,5
"156","RPW",200,0.9,0.9,0.1,0.5,-0.0019253348128534,-0.00502274163498218,5
"157","RPW",200,0.9,0.9,0.2,0,-0.00392501892557118,-0.002444485406083,5
"158","RPW",200,0.9,0.9,0.2,0.1,-0.00365543820035741,-0.0026995890437862,5
"159","RPW",200,0.9,0.9,0.2,0.2,-0.00354359031592699,-0.00276622848467767,5
"160","RPW",200,0.9,0.9,0.2,0.3,-0.00354313685058683,-0.00379331023223739,5
"161","RPW",200,0.9,0.9,0.2,0.4,-0.00262112189494867,-0.0043354726339081,5
"162","RPW",200,0.9,0.9,0.2,0.5,-0.00250935861198986,-0.00556418243074985,5
"163","RPW",200,0.9,0.9,0.3,0,-0.00481960236259227,-0.00175039493796569,5
"164","RPW",200,0.9,0.9,0.3,0.1,-0.00378190018801527,-0.00246391286396375,5
"165","RPW",200,0.9,0.9,0.3,0.2,-0.00404568035330755,-0.0037016982438175,5
"166","RPW",200,0.9,0.9,0.3,0.3,-0.00445168655364492,-0.00425671862630028,5
"167","RPW",200,0.9,0.9,0.3,0.4,-0.00310321659811086,-0.00471160826465589,5
"168","RPW",200,0.9,0.9,0.3,0.5,-0.00391097282110586,-0.00629058871797061,5
"169","RPW",200,0.9,0.9,0.4,0,-0.0042903975483416,-0.0018454696979634,5
"170","RPW",200,0.9,0.9,0.4,0.1,-0.00601023477674112,-0.00214324854812176,5
"171","RPW",200,0.9,0.9,0.4,0.2,-0.00440094262982449,-0.00172509182639358,5
"172","RPW",200,0.9,0.9,0.4,0.3,-0.00448285981636942,-0.00333745884734349,5
"173","RPW",200,0.9,0.9,0.4,0.4,-0.00474462224105909,-0.0045519662043586,5
"174","RPW",200,0.9,0.9,0.4,0.5,-0.00391242658396274,-0.0061744563723658,5
"175","RPW",200,0.9,0.9,0.5,0,-0.00437353922141215,-0.00173126864126405,5
"176","RPW",200,0.9,0.9,0.5,0.1,-0.00534741711956943,-0.00181527546401106,5
"177","RPW",200,0.9,0.9,0.5,0.2,-0.00580040615843169,-0.00230670646782904,5
"178","RPW",200,0.9,0.9,0.5,0.3,-0.00711409210819125,-0.00320222619505273,5
"179","RPW",200,0.9,0.9,0.5,0.4,-0.00523454449378769,-0.00433770133270384,5
"180","RPW",200,0.9,0.9,0.5,0.5,-0.00513325707644874,-0.00557187462937159,5
"181","RPW",526,0.1,0.2,0,0,-0.000286534952907758,-4.75937888078093e-05,6
"182","RPW",526,0.1,0.2,0,0.1,-0.000271926553579771,-0.000826298452099056,6
"183","RPW",526,0.1,0.2,0,0.2,-0.000213759006656267,-0.00061709142751068,6
"184","RPW",526,0.1,0.2,0,0.3,-0.000499641801683881,-0.000550379981344107,6
"185","RPW",526,0.1,0.2,0,0.4,-5.00416983730129e-05,-0.000141219262100062,6
"186","RPW",526,0.1,0.2,0,0.5,-0.000326517126466169,-0.000466745274205371,6
"187","RPW",526,0.1,0.2,0.1,0,-0.000223877564411001,-0.000448683650305759,6
"188","RPW",526,0.1,0.2,0.1,0.1,-0.000262798817313253,-0.000266892630710502,6
"189","RPW",526,0.1,0.2,0.1,0.2,-0.0001429216683171,-0.00116697850500289,6
"190","RPW",526,0.1,0.2,0.1,0.3,-0.000138543678373487,-0.000615030666282379,6
"191","RPW",526,0.1,0.2,0.1,0.4,-0.000484765140616711,-0.000582167535363665,6
"192","RPW",526,0.1,0.2,0.1,0.5,-0.000598480849957034,-0.000812842964195426,6
"193","RPW",526,0.1,0.2,0.2,0,-0.000791009758167469,-0.000270803120142521,6
"194","RPW",526,0.1,0.2,0.2,0.1,-0.000281068799065087,-0.000274022168176291,6
"195","RPW",526,0.1,0.2,0.2,0.2,-0.000322699295665974,-8.42779357494161e-05,6
"196","RPW",526,0.1,0.2,0.2,0.3,-0.000430798426285767,0.000213626269068151,6
"197","RPW",526,0.1,0.2,0.2,0.4,-0.000430020937948639,-0.000183937476203738,6
"198","RPW",526,0.1,0.2,0.2,0.5,-0.00018329133498908,-0.000754036862316898,6
"199","RPW",526,0.1,0.2,0.3,0,-0.0002099841240812,-0.000456709202059508,6
"200","RPW",526,0.1,0.2,0.3,0.1,-0.000151963529197024,-0.000961257821918998,6
"201","RPW",526,0.1,0.2,0.3,0.2,-0.00019577954358059,-0.000185642558724358,6
"202","RPW",526,0.1,0.2,0.3,0.3,-0.000275936503680033,-7.24656550387393e-05,6
"203","RPW",526,0.1,0.2,0.3,0.4,-0.000344329657086098,-0.000121360310426755,6
"204","RPW",526,0.1,0.2,0.3,0.5,-0.000620231719794598,-0.000286165078426603,6
"205","RPW",526,0.1,0.2,0.4,0,-0.000324373550146154,-0.000163154217426659,6
"206","RPW",526,0.1,0.2,0.4,0.1,-0.000699767229541501,-9.66033984292625e-05,6
"207","RPW",526,0.1,0.2,0.4,0.2,-6.84112252777314e-05,-0.000663352149241986,6
"208","RPW",526,0.1,0.2,0.4,0.3,-0.000220546658130594,-0.000353208077136236,6
"209","RPW",526,0.1,0.2,0.4,0.4,-0.000646565211901748,-0.000949615354125466,6
"210","RPW",526,0.1,0.2,0.4,0.5,-0.000238050974223497,-0.000764039070019512,6
"211","RPW",526,0.1,0.2,0.5,0,-0.000315941670873968,-0.000724728063871194,6
"212","RPW",526,0.1,0.2,0.5,0.1,-0.000231629875197856,-0.000746882614244632,6
"213","RPW",526,0.1,0.2,0.5,0.2,-0.000321917764288804,-0.000923871468874904,6
"214","RPW",526,0.1,0.2,0.5,0.3,-0.000471017216126038,-0.000838381928955051,6
"215","RPW",526,0.1,0.2,0.5,0.4,4.71343409123998e-05,-0.00134944093349409,6
"216","RPW",526,0.1,0.2,0.5,0.5,-0.000332963830739386,-0.00122049954492412,6
"217","RPW",162,0.1,0.3,0,0,-0.00048688764435588,-0.000341167221431515,7
"218","RPW",162,0.1,0.3,0,0.1,-0.00107185023782733,-0.00179496585685884,7
"219","RPW",162,0.1,0.3,0,0.2,-0.000904913418664249,-0.00194656337654731,7
"220","RPW",162,0.1,0.3,0,0.3,-0.00117165722572786,-0.00123050395346913,7
"221","RPW",162,0.1,0.3,0,0.4,-0.00109670548902212,-0.00272376441521816,7
"222","RPW",162,0.1,0.3,0,0.5,-0.00104979598684696,-0.00116710128747199,7
"223","RPW",162,0.1,0.3,0.1,0,-0.00072408966071455,-0.00178411636737069,7
"224","RPW",162,0.1,0.3,0.1,0.1,-0.000764886727204261,-0.000994200024771796,7
"225","RPW",162,0.1,0.3,0.1,0.2,-0.00071885697833661,-0.00119558280171844,7
"226","RPW",162,0.1,0.3,0.1,0.3,-0.000899964989023394,-0.00209072784784609,7
"227","RPW",162,0.1,0.3,0.1,0.4,-0.000884435053340765,-0.00235751724516525,7
"228","RPW",162,0.1,0.3,0.1,0.5,-0.00152955850916787,-0.00101531921815001,7
"229","RPW",162,0.1,0.3,0.2,0,-0.00149541221224839,-0.00193610423319246,7
"230","RPW",162,0.1,0.3,0.2,0.1,-0.000395754764462602,-0.00186600765129619,7
"231","RPW",162,0.1,0.3,0.2,0.2,-0.00103085993197434,-0.00190642336149976,7
"232","RPW",162,0.1,0.3,0.2,0.3,-0.000320686645030432,-0.00140282730363261,7
"233","RPW",162,0.1,0.3,0.2,0.4,-0.000270093807056476,-0.00252424546528102,7
"234","RPW",162,0.1,0.3,0.2,0.5,-0.00125080027478637,-0.00175289420480584,7
"235","RPW",162,0.1,0.3,0.3,0,-0.00122405349977131,-0.0015112726348892,7
"236","RPW",162,0.1,0.3,0.3,0.1,-0.000824428789737625,-0.00135501744098976,7
"237","RPW",162,0.1,0.3,0.3,0.2,-0.000700345457776821,-0.00218938661841195,7
"238","RPW",162,0.1,0.3,0.3,0.3,-0.00127016612596903,-0.00207089669335286,7
"239","RPW",162,0.1,0.3,0.3,0.4,-0.000935118969027524,-0.00207674728436152,7
"240","RPW",162,0.1,0.3,0.3,0.5,-0.000791469398413736,-0.00206207887236975,7
"241","RPW",162,0.1,0.3,0.4,0,-0.000196968930709251,-0.00168060020732447,7
"242","RPW",162,0.1,0.3,0.4,0.1,-0.000881761417627705,-0.00166704967306303,7
"243","RPW",162,0.1,0.3,0.4,0.2,-0.000706026226238401,-0.00221802365760859,7
"244","RPW",162,0.1,0.3,0.4,0.3,-0.000447626767443199,-0.00233059958071952,7
"245","RPW",162,0.1,0.3,0.4,0.4,-0.00190493860332204,-0.00197645647318739,7
"246","RPW",162,0.1,0.3,0.4,0.5,-0.00176332709449252,-0.00224773593397248,7
"247","RPW",162,0.1,0.3,0.5,0,-0.00145272474628258,-0.00173319773632274,7
"248","RPW",162,0.1,0.3,0.5,0.1,-0.000928796771110185,-0.00191350070319712,7
"249","RPW",162,0.1,0.3,0.5,0.2,-0.000564201254442731,-0.00271666888602912,7
"250","RPW",162,0.1,0.3,0.5,0.3,-0.00137791345297114,-0.00288092419069336,7
"251","RPW",162,0.1,0.3,0.5,0.4,-0.000466939861580681,-0.00293517969889395,7
"252","RPW",162,0.1,0.3,0.5,0.5,-0.00149488027684065,-0.00312730313293885,7
"253","RPW",82,0.1,0.4,0,0,-0.00269547089356255,-0.00294469142138026,8
"254","RPW",82,0.1,0.4,0,0.1,-0.00243180556749534,-0.00499682625626613,8
"255","RPW",82,0.1,0.4,0,0.2,-0.00307799674011498,-0.0026794174573348,8
"256","RPW",82,0.1,0.4,0,0.3,-0.00233286367175793,-0.00335413034581222,8
"257","RPW",82,0.1,0.4,0,0.4,-0.00215625807017809,-0.00285784311057291,8
"258","RPW",82,0.1,0.4,0,0.5,-0.00337789242060089,-0.00449609385817656,8
"259","RPW",82,0.1,0.4,0.1,0,-0.00128552353202224,-0.00265490940977298,8
"260","RPW",82,0.1,0.4,0.1,0.1,-0.00133040403479832,-0.00330813012448294,8
"261","RPW",82,0.1,0.4,0.1,0.2,-0.00197179935948086,-0.00393936127662714,8
"262","RPW",82,0.1,0.4,0.1,0.3,-0.00215651418721202,-0.00363434399397222,8
"263","RPW",82,0.1,0.4,0.1,0.4,-0.00221287323651488,-0.00452308432792559,8
"264","RPW",82,0.1,0.4,0.1,0.5,-0.00302394569872941,-0.00488453517616017,8
"265","RPW",82,0.1,0.4,0.2,0,-0.00280018499967701,-0.00142084862351527,8
"266","RPW",82,0.1,0.4,0.2,0.1,-0.00217159723296741,-0.00441403815389146,8
"267","RPW",82,0.1,0.4,0.2,0.2,-0.00240017896867391,-0.0048234334850305,8
"268","RPW",82,0.1,0.4,0.2,0.3,-0.00378728538804618,-0.00299212916915143,8
"269","RPW",82,0.1,0.4,0.2,0.4,-0.00183087124320551,-0.00458964275193846,8
"270","RPW",82,0.1,0.4,0.2,0.5,-0.00347187611956168,-0.00428334191261465,8
"271","RPW",82,0.1,0.4,0.3,0,-0.00232823447699473,-0.00348631282869,8
"272","RPW",82,0.1,0.4,0.3,0.1,-0.00261576543980804,-0.00560437423752014,8
"273","RPW",82,0.1,0.4,0.3,0.2,-0.00208895652608319,-0.00375731071577989,8
"274","RPW",82,0.1,0.4,0.3,0.3,-0.00367779600397468,-0.0042337968671704,8
"275","RPW",82,0.1,0.4,0.3,0.4,-0.00367744407338731,-0.0039109835617176,8
"276","RPW",82,0.1,0.4,0.3,0.5,-0.00427005226860187,-0.00405324796907858,8
"277","RPW",82,0.1,0.4,0.4,0,-0.00251853738834648,-0.00434736873005898,8
"278","RPW",82,0.1,0.4,0.4,0.1,-0.00281446454297475,-0.00476049067999113,8
"279","RPW",82,0.1,0.4,0.4,0.2,-0.00284402916501005,-0.00493586064318613,8
"280","RPW",82,0.1,0.4,0.4,0.3,-0.00256437354268528,-0.00414658236006177,8
"281","RPW",82,0.1,0.4,0.4,0.4,-0.00383501012911362,-0.00520633904166462,8
"282","RPW",82,0.1,0.4,0.4,0.5,-0.00373932928331981,-0.00828154932028696,8
"283","RPW",82,0.1,0.4,0.5,0,-0.00256175568634709,-0.00450961127247435,8
"284","RPW",82,0.1,0.4,0.5,0.1,-0.00231855406614391,-0.00420443637851836,8
"285","RPW",82,0.1,0.4,0.5,0.2,-0.00198653049952666,-0.00408561135020735,8
"286","RPW",82,0.1,0.4,0.5,0.3,-0.00178980378017758,-0.0058244237501705,8
"287","RPW",82,0.1,0.4,0.5,0.4,-0.00327624797942287,-0.00493336711269865,8
"288","RPW",82,0.1,0.4,0.5,0.5,-0.00402941781792843,-0.00734677631474789,8
"289","RPW",254,0.4,0.6,0,0,-0.0017762032733149,-0.000844807857118934,12
"290","RPW",254,0.4,0.6,0,0.1,-0.00291888545724067,-0.0016854531311048,12
"291","RPW",254,0.4,0.6,0,0.2,-0.00178042649268945,-0.00218672131554476,12
"292","RPW",254,0.4,0.6,0,0.3,-0.0027067318161072,-0.0011336794727258,12
"293","RPW",254,0.4,0.6,0,0.4,-0.00296374107530484,-0.002798848815599,12
"294","RPW",254,0.4,0.6,0,0.5,-0.0026637545175015,-0.00142032352491073,12
"295","RPW",254,0.4,0.6,0.1,0,-0.00281526785196706,-0.00170927757755179,12
"296","RPW",254,0.4,0.6,0.1,0.1,-0.00264916976883584,-0.00202707675129898,12
"297","RPW",254,0.4,0.6,0.1,0.2,-0.00221177155862551,-0.00142615444262273,12
"298","RPW",254,0.4,0.6,0.1,0.3,-0.00194062318360327,-0.0018431747592953,12
"299","RPW",254,0.4,0.6,0.1,0.4,-0.00273837055996701,-0.00113544486203698,12
"300","RPW",254,0.4,0.6,0.1,0.5,-0.00298422161019057,-0.00252282767622669,12
"301","RPW",254,0.4,0.6,0.2,0,-0.00302980563282196,-0.00201398211678239,12
"302","RPW",254,0.4,0.6,0.2,0.1,-0.00208326788788327,-0.00195253154964004,12
"303","RPW",254,0.4,0.6,0.2,0.2,-0.00339965466285419,-0.00209110505361654,12
"304","RPW",254,0.4,0.6,0.2,0.3,-0.00344687988179371,-0.00251498951531637,12
"305","RPW",254,0.4,0.6,0.2,0.4,-0.00381588685767215,-0.00157797795617898,12
"306","RPW",254,0.4,0.6,0.2,0.5,-0.00357535008740839,-0.00231536245537012,12
"307","RPW",254,0.4,0.6,0.3,0,-0.0035170093139551,-0.00187536326608784,12
"308","RPW",254,0.4,0.6,0.3,0.1,-0.00283801159312042,-0.00221224884283444,12
"309","RPW",254,0.4,0.6,0.3,0.2,-0.00245676274145884,-0.00302965250757836,12
"310","RPW",254,0.4,0.6,0.3,0.3,-0.00319662931798137,-0.00194081961595172,12
"311","RPW",254,0.4,0.6,0.3,0.4,-0.00542397336251099,-0.0021421091706455,12
"312","RPW",254,0.4,0.6,0.3,0.5,-0.00337084004145438,-0.00243743214633374,12
"313","RPW",254,0.4,0.6,0.4,0,-0.00234840182660212,-0.00173424122731181,12
"314","RPW",254,0.4,0.6,0.4,0.1,-0.00355138578836406,-0.00125818409147327,12
"315","RPW",254,0.4,0.6,0.4,0.2,-0.00239551145256545,-0.00236993135692931,12
"316","RPW",254,0.4,0.6,0.4,0.3,-0.00310892244503147,-0.00244710557938477,12
"317","RPW",254,0.4,0.6,0.4,0.4,-0.00411925711778111,-0.0027823659714199,12
"318","RPW",254,0.4,0.6,0.4,0.5,-0.00353425512468103,-0.00251122612909693,12
"319","RPW",254,0.4,0.6,0.5,0,-0.002986889126186,-0.00193985847162292,12
"320","RPW",254,0.4,0.6,0.5,0.1,-0.003515756016433,-0.00345155517089435,12
"321","RPW",254,0.4,0.6,0.5,0.2,-0.00298019879619021,-0.00210029662192357,12
"322","RPW",254,0.4,0.6,0.5,0.3,-0.00321225932022712,-0.00291353060850708,12
"323","RPW",254,0.4,0.6,0.5,0.4,-0.00277276059296944,-0.00247956409303285,12
"324","RPW",254,0.4,0.6,0.5,0.5,-0.00550800652795702,-0.00352658881376244,12
"325","RPW",82,0.6,0.9,0,0,-0.0215091604522886,-0.00204224930500541,9
"326","RPW",82,0.6,0.9,0,0.1,-0.020246931205824,-0.00295215328778808,9
"327","RPW",82,0.6,0.9,0,0.2,-0.0243968021404314,-0.00262011697833953,9
"328","RPW",82,0.6,0.9,0,0.3,-0.022104887273225,-0.00401004586649023,9
"329","RPW",82,0.6,0.9,0,0.4,-0.0223569372475371,-0.00222863822696007,9
"330","RPW",82,0.6,0.9,0,0.5,-0.0221483917766255,-0.00453948223984202,9
"331","RPW",82,0.6,0.9,0.1,0,-0.0202853688390967,-0.00255336017538943,9
"332","RPW",82,0.6,0.9,0.1,0.1,-0.0229663808137895,-0.00272460778278305,9
"333","RPW",82,0.6,0.9,0.1,0.2,-0.0226828499328231,-0.00308094334806164,9
"334","RPW",82,0.6,0.9,0.1,0.3,-0.0232954764874062,-0.00340067636010943,9
"335","RPW",82,0.6,0.9,0.1,0.4,-0.0228040457877423,-0.00326687973689432,9
"336","RPW",82,0.6,0.9,0.1,0.5,-0.0250072056106309,-0.00371318949640198,9
"337","RPW",82,0.6,0.9,0.2,0,-0.0231915263693599,-0.00234728601993917,9
"338","RPW",82,0.6,0.9,0.2,0.1,-0.025162105912687,-0.00286973211013841,9
"339","RPW",82,0.6,0.9,0.2,0.2,-0.0264564634083658,-0.00277823876665551,9
"340","RPW",82,0.6,0.9,0.2,0.3,-0.0271351807349234,-0.00265449293491482,9
"341","RPW",82,0.6,0.9,0.2,0.4,-0.026086505522714,-0.00392706834914924,9
"342","RPW",82,0.6,0.9,0.2,0.5,-0.0278892623478472,-0.00505526327012407,9
"343","RPW",82,0.6,0.9,0.3,0,-0.0252779444513063,-0.0016880532649397,9
"344","RPW",82,0.6,0.9,0.3,0.1,-0.0260952357073015,-0.00198623039039481,9
"345","RPW",82,0.6,0.9,0.3,0.2,-0.0291794291922746,-0.00319192363380605,9
"346","RPW",82,0.6,0.9,0.3,0.3,-0.027243375624964,-0.00401853401343044,9
"347","RPW",82,0.6,0.9,0.3,0.4,-0.0266705350342817,-0.00261529000216743,9
"348","RPW",82,0.6,0.9,0.3,0.5,-0.0268008467466093,-0.00356579243591593,9
"349","RPW",82,0.6,0.9,0.4,0,-0.0268194002645381,-0.00165639225920877,9
"350","RPW",82,0.6,0.9,0.4,0.1,-0.0253790288161749,-0.00214034160562426,9
"351","RPW",82,0.6,0.9,0.4,0.2,-0.031424867964071,-0.00197584641383941,9
"352","RPW",82,0.6,0.9,0.4,0.3,-0.0308470407329042,-0.00285064776055877,9
"353","RPW",82,0.6,0.9,0.4,0.4,-0.0296325162972199,-0.00358603851493022,9
"354","RPW",82,0.6,0.9,0.4,0.5,-0.0335386718166187,-0.00296714872055848,9
"355","RPW",82,0.6,0.9,0.5,0,-0.032210287754449,-0.00221349243621249,9
"356","RPW",82,0.6,0.9,0.5,0.1,-0.0303133286848847,-0.00294350948212352,9
"357","RPW",82,0.6,0.9,0.5,0.2,-0.0319698151925466,-0.00297171295206733,9
"358","RPW",82,0.6,0.9,0.5,0.3,-0.0315733071901935,-0.00321558708541003,9
"359","RPW",82,0.6,0.9,0.5,0.4,-0.0351784083646606,-0.00295901543225141,9
"360","RPW",82,0.6,0.9,0.5,0.5,-0.0324223708368615,-0.00332561468953796,9
"361","RPW",162,0.7,0.9,0,0,-0.00979337659640145,-0.00125577027999169,10
"362","RPW",162,0.7,0.9,0,0.1,-0.0109053824624217,-0.00165157146005124,10
"363","RPW",162,0.7,0.9,0,0.2,-0.0084920015563944,-0.00145710560123646,10
"364","RPW",162,0.7,0.9,0,0.3,-0.00989203555467721,-0.00139956101344874,10
"365","RPW",162,0.7,0.9,0,0.4,-0.00747277305726146,-0.00262356790548801,10
"366","RPW",162,0.7,0.9,0,0.5,-0.00693113564143077,-0.00268363014351625,10
"367","RPW",162,0.7,0.9,0.1,0,-0.0115646172538374,-0.00156706109080518,10
"368","RPW",162,0.7,0.9,0.1,0.1,-0.010418286641533,-0.00189355990372708,10
"369","RPW",162,0.7,0.9,0.1,0.2,-0.0103672359739639,-0.00116755607553842,10
"370","RPW",162,0.7,0.9,0.1,0.3,-0.00986848148321651,-0.00132324510690263,10
"371","RPW",162,0.7,0.9,0.1,0.4,-0.00952195198943728,-0.00206648298620371,10
"372","RPW",162,0.7,0.9,0.1,0.5,-0.00758511881103874,-0.00257329396857864,10
"373","RPW",162,0.7,0.9,0.2,0,-0.0110772344616591,-0.00101377705699468,10
"374","RPW",162,0.7,0.9,0.2,0.1,-0.0126761668262954,-0.00142710537349733,10
"375","RPW",162,0.7,0.9,0.2,0.2,-0.0115877214978521,-0.00235865990212392,10
"376","RPW",162,0.7,0.9,0.2,0.3,-0.0121886281259154,-0.00195857566368263,10
"377","RPW",162,0.7,0.9,0.2,0.4,-0.011184304432955,-0.00261723245167356,10
"378","RPW",162,0.7,0.9,0.2,0.5,-0.0105706969628853,-0.00408228935946175,10
"379","RPW",162,0.7,0.9,0.3,0,-0.0119265710390088,-0.0012845912387992,10
"380","RPW",162,0.7,0.9,0.3,0.1,-0.0115893874412154,-0.00120840548914269,10
"381","RPW",162,0.7,0.9,0.3,0.2,-0.0126599655230939,-0.00194444433316021,10
"382","RPW",162,0.7,0.9,0.3,0.3,-0.0142050690306065,-0.00271120383559653,10
"383","RPW",162,0.7,0.9,0.3,0.4,-0.0126142597227492,-0.00213895294016264,10
"384","RPW",162,0.7,0.9,0.3,0.5,-0.0139539380576419,-0.00252909787159628,10
"385","RPW",162,0.7,0.9,0.4,0,-0.0130312189613675,-0.000808389088337025,10
"386","RPW",162,0.7,0.9,0.4,0.1,-0.0129520512567685,-0.00161087026359519,10
"387","RPW",162,0.7,0.9,0.4,0.2,-0.0142986703519983,-0.00170655027420374,10
"388","RPW",162,0.7,0.9,0.4,0.3,-0.0153822555599615,-0.00207410226157956,10
"389","RPW",162,0.7,0.9,0.4,0.4,-0.0138638377322124,-0.00245441151175263,10
"390","RPW",162,0.7,0.9,0.4,0.5,-0.0137425358243703,-0.00273608303525275,10
"391","RPW",162,0.7,0.9,0.5,0,-0.0160877465521431,-0.00120166375731312,10
"392","RPW",162,0.7,0.9,0.5,0.1,-0.0168560520327996,-0.00107910923939791,10
"393","RPW",162,0.7,0.9,0.5,0.2,-0.0178180784237526,-0.00203663401864396,10
"394","RPW",162,0.7,0.9,0.5,0.3,-0.018406351815845,-0.00219051985542273,10
"395","RPW",162,0.7,0.9,0.5,0.4,-0.0186032261489708,-0.00258208874347743,10
"396","RPW",162,0.7,0.9,0.5,0.5,-0.0172928863118244,-0.00335221221174298,10
"397","RPW",526,0.8,0.9,0,0,-0.00273994428305191,-0.00050790930512612,11
"398","RPW",526,0.8,0.9,0,0.1,-0.00246509652317461,-0.000709989418665513,11
"399","RPW",526,0.8,0.9,0,0.2,-0.00172433441643338,-0.000933954988964758,11
"400","RPW",526,0.8,0.9,0,0.3,-0.00127782563508361,-0.000771362988490676,11
"401","RPW",526,0.8,0.9,0,0.4,-0.00129222433345277,-0.00150905943452162,11
"402","RPW",526,0.8,0.9,0,0.5,-0.00143901436361071,-0.00104016781727323,11
"403","RPW",526,0.8,0.9,0.1,0,-0.00275665755844612,-0.000747952871362645,11
"404","RPW",526,0.8,0.9,0.1,0.1,-0.00256543654690788,-0.000397667750970165,11
"405","RPW",526,0.8,0.9,0.1,0.2,-0.00218892399811887,-0.000606401574730686,11
"406","RPW",526,0.8,0.9,0.1,0.3,-0.00202562997079603,-0.00110817269566577,11
"407","RPW",526,0.8,0.9,0.1,0.4,-0.00200235928340664,-0.000882917441158537,11
"408","RPW",526,0.8,0.9,0.1,0.5,-0.0018035445089396,-0.000734267357312524,11
"409","RPW",526,0.8,0.9,0.2,0,-0.00247100145181878,-0.000617936242826911,11
"410","RPW",526,0.8,0.9,0.2,0.1,-0.00327133014070224,-0.000509280214986529,11
"411","RPW",526,0.8,0.9,0.2,0.2,-0.00251634920628452,-0.000803516562164264,11
"412","RPW",526,0.8,0.9,0.2,0.3,-0.00291373532883854,-0.000920171957356719,11
"413","RPW",526,0.8,0.9,0.2,0.4,-0.00210851571235127,-0.000913968006152066,11
"414","RPW",526,0.8,0.9,0.2,0.5,-0.00202586417156969,-0.00149131010408632,11
"415","RPW",526,0.8,0.9,0.3,0,-0.00362556297244498,-0.000646479089134733,11
"416","RPW",526,0.8,0.9,0.3,0.1,-0.00340465999423567,-0.000400373233846674,11
"417","RPW",526,0.8,0.9,0.3,0.2,-0.00348859240724808,-0.000172704643867649,11
"418","RPW",526,0.8,0.9,0.3,0.3,-0.00348453467989118,-0.000736636519203637,11
"419","RPW",526,0.8,0.9,0.3,0.4,-0.00283536874515267,-0.0012599876028363,11
"420","RPW",526,0.8,0.9,0.3,0.5,-0.00232277012230475,-0.00123551045690773,11
"421","RPW",526,0.8,0.9,0.4,0,-0.00338193054193348,-0.000513862936101783,11
"422","RPW",526,0.8,0.9,0.4,0.1,-0.00354318450521818,-0.000541421722576541,11
"423","RPW",526,0.8,0.9,0.4,0.2,-0.00394365819790188,-0.000561344883198811,11
"424","RPW",526,0.8,0.9,0.4,0.3,-0.00441657966039299,-0.000879504843711687,11
"425","RPW",526,0.8,0.9,0.4,0.4,-0.00438266985559743,-0.00115558564801388,11
"426","RPW",526,0.8,0.9,0.4,0.5,-0.003412770650289,-0.00110507528833448,11
"427","RPW",526,0.8,0.9,0.5,0,-0.00441743068400846,-0.000237999347300288,11
"428","RPW",526,0.8,0.9,0.5,0.1,-0.00427564731133856,-0.000231854637133377,11
"429","RPW",526,0.8,0.9,0.5,0.2,-0.00404479364996835,-0.000320711297540965,11
"430","RPW",526,0.8,0.9,0.5,0.3,-0.00495230591161966,-0.000940462129782271,11
"431","RPW",526,0.8,0.9,0.5,0.4,-0.00449953910026235,-0.000970891365096316,11
"432","RPW",526,0.8,0.9,0.5,0.5,-0.00396323424433309,-0.00126471205437328,11
